Nome,email,data_nascimento,senha
Bryan Araújo,bryanaraújo@hotmail.com,17/02/1969,o_&SiVrmO97v
João Vitor Borges,joãovitorborges@uol.com.br,07/03/1988,20pDjYop4*R^
Jade Marques,jademarques@yahoo.com.br,07/07/2006,7%Qs7FAr!DH^
Matteo da Cruz,matteodacruz@yahoo.com.br,11/10/1968,v^^2E+m7By7
Joaquim Vargas,joaquimvargas@bol.com.br,21/03/1978,m6HOfTEKZ58@
Isabel Vieira,isabelvieira@yahoo.com.br,03/04/1961,rh2RNTsPp+bx
Ísis Vieira,ísisvieira@uol.com.br,14/11/1977,H_KkhUx3qNc
Maria Alice da Rocha,mariaalicedarocha@hotmail.com,30/08/1997,@WGWPuudUKb1
Natália Martins,natáliamartins@ig.com.br,23/10/2000,#0I2LUKp#o@a
Kamilly Pinto,kamillypinto@bol.com.br,13/06/1971,_Vq&PFyx9_1T
Olívia Pinto,olíviapinto@gmail.com,14/12/1996,a2H837Dne@+R
Ísis Mendes,ísismendes@ig.com.br,10/05/1968,!18g6f8%arH
João Guilherme Aparecida,joãoguilhermeaparecida@ig.com.br,28/06/1981,gbxU2!Gv*2MK
Maria Flor da Rosa,mariaflordarosa@ig.com.br,15/08/2003,kFo*2OBvd*^a
Maria Liz Lopes,marializlopes@gmail.com,21/01/1961,X6C$+w_P%&AU
Henry Gabriel Abreu,henrygabrielabreu@gmail.com,24/08/1995,V98fYAql%0EI
Yan Novaes,yannovaes@ig.com.br,25/07/1969,1TXiXys0!sq*
Maria Fernanda Cunha,mariafernandacunha@ig.com.br,22/08/1973,6zHzMk9D_BaX
Daniel Nogueira,danielnogueira@gmail.com,05/08/1968,4&^*X7bu%^H1
Maria Laura Vieira,marialauravieira@uol.com.br,27/03/1995,dkX_y*nA25@x
Joaquim Freitas,joaquimfreitas@bol.com.br,04/05/1995,9e!Q6IxlLoI^
Maysa Almeida,maysaalmeida@gmail.com,30/08/2000,@v+Ha0QtkvxB
Amanda Nunes,amandanunes@uol.com.br,19/08/1988,tD9H5iLY+9F0
Anna Liz Cirino,annalizcirino@gmail.com,17/08/1960,A39HMMLe+IMX
Melissa Lima,melissalima@ig.com.br,03/08/1992,$l&3a74FL1IX
Vitória Sampaio,vitóriasampaio@yahoo.com.br,26/07/1964,D^IdIuSd*5O_
Bruna da Mata,brunadamata@bol.com.br,12/02/1987,8$NsNBsrce4y
Luigi Farias,luigifarias@ig.com.br,14/04/1995,8j___#l$!p5W
Luísa da Conceição,luísadaconceição@ig.com.br,02/09/2002,$hnmBFpfPt+7
Lavínia Melo,lavíniamelo@yahoo.com.br,05/07/2002,L41^yJlo$$N9
Maria Laura Guerra,marialauraguerra@yahoo.com.br,27/09/1988,89&JBq9#^$P4
Apollo Araújo,apolloaraújo@uol.com.br,09/05/1961,r^SBacHm&7dW
Sra. Rafaela Novaes,srarafaelanovaes@bol.com.br,25/03/2002,#j6FQkO0$2zM
Maria Helena Sampaio,mariahelenasampaio@hotmail.com,29/07/1963,9CWJ6utw7*88
Liam Casa Grande,liamcasagrande@ig.com.br,29/04/1994,+lD9WCsicW4W
Dante Correia,dantecorreia@hotmail.com,17/04/1970,^o89I%1a4E37
Amanda Peixoto,amandapeixoto@gmail.com,26/04/1984,87XOXy8$@*P8
Srta. Maria Sophia Abreu,srtamariasophiaabreu@hotmail.com,31/05/1960,Ol&4UHmn#U4G
Raul Costela,raulcostela@uol.com.br,05/04/1970,B42vS8Pc_8Ay
Emilly Martins,emillymartins@uol.com.br,01/10/1985,ZK1vWAQi7*IB
Heloisa da Cunha,heloisadacunha@yahoo.com.br,14/08/1999,9NpUB@Yf9Jl2
Vitória Rios,vitóriarios@gmail.com,01/09/1994,&102LMi8@WvO
André Jesus,andréjesus@yahoo.com.br,18/04/1993,&q$U@%!M93v2
Vinícius Moreira,viníciusmoreira@hotmail.com,10/08/1963,%I+9s_Cx9p4$
Maria Luísa Pinto,marialuísapinto@gmail.com,04/03/1970,DXATugAqD5**
Rafael da Luz,rafaeldaluz@hotmail.com,21/04/2003,$nLAabTyu*0k
Dr. Arthur Miguel da Mota,drarthurmigueldamota@hotmail.com,09/04/1983,x*Mw72pd%29C
Carolina Silva,carolinasilva@hotmail.com,08/12/1975,9#EtEXfh1434
Srta. Nicole da Rosa,srtanicoledarosa@gmail.com,20/04/1994,^k+AYmeL^u38
Mariah Caldeira,mariahcaldeira@bol.com.br,26/10/1975,GluysHiq*04E
Vitor Gabriel da Rosa,vitorgabrieldarosa@hotmail.com,14/12/1980,ynzOo5pM99Tu
Luiz Miguel da Rosa,luizmigueldarosa@bol.com.br,29/01/1971,x885bTWukk5G
Calebe das Neves,calebedasneves@bol.com.br,03/03/1960,5TFyyXm3@chf
Maysa Farias,maysafarias@uol.com.br,17/09/1985,l2mSzrRj%iOh
Dra. Maria Julia Cirino,dramariajuliacirino@bol.com.br,18/09/1964,M&Ufu9UF@95I
Pedro Lucas Mendes,pedrolucasmendes@ig.com.br,03/04/1963,_3@BTpHNQ9s1
Maria Laura Santos,marialaurasantos@yahoo.com.br,19/10/1991,UT@&H8Py&K^L
Luiz Felipe Farias,luizfelipefarias@ig.com.br,07/10/1969,_5WwXR$7t8*M
Ana Lívia Oliveira,analíviaoliveira@hotmail.com,10/11/1996,6z1s!RlK&*uy
Benicio da Mota,beniciodamota@yahoo.com.br,23/06/2002,IfJYcf39*0Fd
Kaique Pinto,kaiquepinto@bol.com.br,04/08/1997,!8TbRbsp_4Ew
Ana Julia Novais,anajulianovais@gmail.com,07/02/1965,rSM%88wHU87r
Davi Lucca Cardoso,daviluccacardoso@uol.com.br,20/10/1979,+z9SuO^R#^qc
João Pedro Rios,joãopedrorios@ig.com.br,04/04/2007,*rOwPTBe0oNE
Cecília Sampaio,cecíliasampaio@hotmail.com,01/02/1971,6^6B^9hd0VhS
Dr. Benicio Mendonça,drbeniciomendonça@ig.com.br,01/10/1978,N&SWIgRmrU0$
Miguel da Costa,migueldacosta@hotmail.com,11/04/2004,9HIMgsxb48W4
Marcos Vinicius Mendonça,marcosviniciusmendonça@uol.com.br,28/02/1964,o%STb49K5V1N
Luigi Pinto,luigipinto@bol.com.br,21/01/1973,J#9^4IthbzMl
Nina da Cruz,ninadacruz@gmail.com,02/08/1977,3_v2CgyJLqoG
Pedro Miguel Carvalho,pedromiguelcarvalho@ig.com.br,05/04/1983,fNFXZw%I233#
Thiago Vargas,thiagovargas@hotmail.com,20/01/1964,6Q$@HcZlSx_6
Pedro Miguel Melo,pedromiguelmelo@hotmail.com,08/06/2007,huDPGP!z_2sj
Emanuel Leão,emanuelleão@bol.com.br,21/10/1994,_rpicAzq^5uM
Laura Rios,laurarios@ig.com.br,18/11/1972,P3Btw8vTw@Q@
Dr. Otávio Rios,drotáviorios@yahoo.com.br,31/03/2007,e7C0hnIo^4m&
Anthony Gabriel Nogueira,anthonygabrielnogueira@gmail.com,16/09/1968,+@61p^cp$$qR
Joaquim Ferreira,joaquimferreira@uol.com.br,04/12/1997,FK98zUUbpY$r
Matheus Costela,matheuscostela@uol.com.br,23/09/1966,2Ijsg7XcU8@2
Théo da Mota,théodamota@ig.com.br,22/12/1966,9hJ5W2gz8NQ&
Mariana da Luz,marianadaluz@hotmail.com,18/10/1999,Gs8su^%oC+yU
Aylla Mendonça,ayllamendonça@hotmail.com,14/08/1986,^8D%BGhY26t8
Hellena Abreu,hellenaabreu@hotmail.com,27/07/1999,0Io*Vi23Ua&3
Antony Albuquerque,antonyalbuquerque@ig.com.br,27/04/2005,@Wykq3AflDN5
Igor Caldeira,igorcaldeira@bol.com.br,13/09/2002,_k$no19@D$8X
Dra. Raquel Rezende,draraquelrezende@hotmail.com,20/09/1972,FmJ+XmzB9$g4
Rael Castro,raelcastro@yahoo.com.br,17/06/1965,Rfp8Hh8m&9wK
Sr. Gustavo Azevedo,srgustavoazevedo@uol.com.br,30/06/1973,&^9GUtkQEamW
Dante Moreira,dantemoreira@hotmail.com,17/06/1992,#sXpCL6v$9y4
Esther das Neves,estherdasneves@bol.com.br,22/07/1973,2U6tMpXcN$H5
Srta. Ana Beatriz Dias,srtaanabeatrizdias@uol.com.br,06/03/1973,%9lFlLkcfilL
Arthur Gabriel Guerra,arthurgabrielguerra@yahoo.com.br,13/10/1965,hP!7W$odDNy#
Ravi Lucca Ramos,raviluccaramos@uol.com.br,04/10/1972,%yS5WE2D!*Do
Luiz Miguel Almeida,luizmiguelalmeida@hotmail.com,06/04/1989,8X22W$yU2h9o
Gabrielly Pacheco,gabriellypacheco@bol.com.br,13/11/1996,nL_PZynl7&0#
Joana Duarte,joanaduarte@uol.com.br,02/10/1983,nIi*h%x7R3Ds
Thiago Pinto,thiagopinto@bol.com.br,03/05/1998,6#Okel@g@CE4
Heloisa Barbosa,heloisabarbosa@gmail.com,24/03/1965,1#26lLrY0w8g
Helena da Cunha,helenadacunha@yahoo.com.br,04/11/1996,1@1+0Aj5Pe*!
Maria Luiza Pinto,marialuizapinto@uol.com.br,11/05/1966,@2KP!GUjGvdl
Dr. Juan Gonçalves,drjuangonçalves@bol.com.br,30/07/1984,aWDLm&4SJ^8y
Sr. Anthony Gabriel Fogaça,sranthonygabrielfogaça@yahoo.com.br,20/04/1999,49L62mus#zPj
Ryan Aparecida,ryanaparecida@uol.com.br,01/11/1988,ZBT8h$z+&9gJ
Isis Gomes,isisgomes@ig.com.br,18/03/1975,f5x@3mRhk0Fm
Olivia Camargo,oliviacamargo@hotmail.com,19/05/1985,%6sF+oMTRkO$
Ísis da Mota,ísisdamota@yahoo.com.br,22/12/1974,Ox^8$FUj9#Sr
Antony Rodrigues,antonyrodrigues@yahoo.com.br,11/07/1961,8*4RhaJYO%dO
Beatriz Azevedo,beatrizazevedo@ig.com.br,03/08/1997,UC*95YjJCM%9
Nathan da Conceição,nathandaconceição@yahoo.com.br,29/11/1979,3&+Cw0+P+tra
Arthur Miguel Lima,arthurmiguellima@uol.com.br,29/08/1996,gl4WAF$&s$DT
Dr. Davi Lucca Barros,drdaviluccabarros@gmail.com,16/12/1979,6T9bM89i%!M4
Lucas Rodrigues,lucasrodrigues@ig.com.br,20/05/1969,gL$0AXp2VW9V
Luigi Rodrigues,luigirodrigues@ig.com.br,05/12/1964,^!715Epx@KyQ
Melissa Borges,melissaborges@yahoo.com.br,05/11/1961,L$Si1xKpPi#9
Beatriz Rezende,beatrizrezende@uol.com.br,07/12/1966,Boh3LegDW@2Y
Melina Nogueira,melinanogueira@hotmail.com,06/10/1959,4qj3fTv5_WyS
Erick Costa,erickcosta@ig.com.br,08/01/1961,MIH4OxCVo*Ek
Maria Sophia Macedo,mariasophiamacedo@yahoo.com.br,15/02/1976,qN8#PV1V$yOi
Alexia Jesus,alexiajesus@hotmail.com,28/02/1963,l3ZpfLuy+k87
Dra. Ana Clara Fonseca,draanaclarafonseca@gmail.com,09/03/1995,E%miHFnE^i4F
Alice Garcia,alicegarcia@uol.com.br,02/08/2002,+n+5$Yt@9SF6
Arthur Gabriel Abreu,arthurgabrielabreu@hotmail.com,21/08/1976,N49$epIoz9dI
Gabriel Sampaio,gabrielsampaio@gmail.com,31/01/1973,!^@ZK4mv7T2d
Vitor Hugo Vargas,vitorhugovargas@ig.com.br,28/10/1967,*6uk7V8JS^M6
Heloisa Macedo,heloisamacedo@ig.com.br,01/05/1977,Q@zN_L8g8Qi0
Stella Cardoso,stellacardoso@gmail.com,09/03/1963,&9VD3zez_8qz
Bárbara Teixeira,bárbarateixeira@uol.com.br,22/10/1988,@h#oAH_ovmi3
Otávio Oliveira,otáviooliveira@hotmail.com,26/11/1969,&%6e^oZEs$GH
Luiza da Paz,luizadapaz@yahoo.com.br,25/05/2007,fT%PH8FtjeI7
Ana Carolina Cunha,anacarolinacunha@bol.com.br,06/12/1988,4ErLS$x+K+68
Davi Caldeira,davicaldeira@hotmail.com,07/04/2005,9$6VsAsqivB8
Bruno Castro,brunocastro@yahoo.com.br,05/01/1979,_8lXkUns!F5$
Otto Castro,ottocastro@yahoo.com.br,04/01/1961,7!^U&RKcidR4
Cauê Montenegro,cauêmontenegro@hotmail.com,21/12/1997,l_eSym9mk#8T
Ana Vitória Porto,anavitóriaporto@uol.com.br,21/08/1995,ZjzdDTxIp96b
Lucas Gabriel Pinto,lucasgabrielpinto@gmail.com,25/03/1995,^b2!@Qjo1JU8
Otávio Fogaça,otáviofogaça@hotmail.com,06/10/1976,5%S7Rgx9jI94
Sr. Luiz Henrique da Conceição,srluizhenriquedaconceição@bol.com.br,19/11/1965,m^1241MqE@DU
Dra. Agatha Cardoso,draagathacardoso@bol.com.br,23/10/1976,u5J6pX2qSX$0
Clara Fernandes,clarafernandes@gmail.com,19/05/1998,xJZ#@f6d#79%
Nicolas Costela,nicolascostela@ig.com.br,08/05/1991,84Ekrpwf0zCS
Dr. Fernando da Cruz,drfernandodacruz@bol.com.br,23/06/1986,^TOx1+5$H@9q
Thiago da Mata,thiagodamata@yahoo.com.br,07/01/1965,JFL7EiaX%8qc
Luiz Miguel da Luz,luizmigueldaluz@hotmail.com,04/09/1966,%sGi%9ZV83DJ
Diogo Moraes,diogomoraes@yahoo.com.br,10/12/1975,DDYB9VvN$5$v
Lucca Moraes,luccamoraes@uol.com.br,28/06/1966,4Q3om!w$#vHR
Sra. Maysa da Costa,sramaysadacosta@yahoo.com.br,17/11/1984,yVN+I9ZncibO
Amanda Rocha,amandarocha@yahoo.com.br,27/02/1970,6tQQU7^f+8^I
Maria Luiza Macedo,marialuizamacedo@uol.com.br,15/03/1975,q8%FQbNnAa_6
Bárbara Sales,bárbarasales@uol.com.br,27/07/2000,!lVh93Mo+Kkz
Henry Gabriel Macedo,henrygabrielmacedo@bol.com.br,21/12/1978,a!63EukOeWBa
Henry Abreu,henryabreu@ig.com.br,07/09/2006,c7JwA+lpS8J%
Dr. Isaac Borges,drisaacborges@bol.com.br,16/01/1989,+u04INy4#^27
Dr. Thomas da Luz,drthomasdaluz@hotmail.com,02/07/2001,Y%0Ys_B1*nUp
Esther da Costa,estherdacosta@ig.com.br,28/03/1971,k8MyejaNr69_
Dr. João Guilherme Freitas,drjoãoguilhermefreitas@ig.com.br,20/03/1978,vJAn4GZxlIR*
Sabrina Vieira,sabrinavieira@yahoo.com.br,16/11/2003,6qJ+Jfjg3Xv3
Ana Cecília Moura,anacecíliamoura@ig.com.br,18/06/1966,i16Jz5&Gg@29
Dr. Henry Gabriel da Rosa,drhenrygabrieldarosa@uol.com.br,26/09/2000,_QBf3%fp9IkI
Joana Rios,joanarios@gmail.com,24/02/1982,n8^pYnle8k8u
Sr. Théo Pereira,srthéopereira@yahoo.com.br,18/06/1990,kIBFlZz!U@7i
Luara Vasconcelos,luaravasconcelos@yahoo.com.br,12/02/1983,^8Wlav*&67Se
Yuri Mendes,yurimendes@bol.com.br,26/01/1988,f*7kGbID9lX9
Sr. Kaique Araújo,srkaiquearaújo@uol.com.br,25/04/2002,UyJ73Plkhe&l
Olívia Peixoto,olíviapeixoto@uol.com.br,13/10/2005,##78SBQaG8$U
Pedro Garcia,pedrogarcia@bol.com.br,07/09/1971,+gFpDIOyg38F
Pedro Rodrigues,pedrorodrigues@ig.com.br,27/05/2000,5#bLrwzN*84m
Aylla Vasconcelos,ayllavasconcelos@bol.com.br,07/01/1987,@3Pky_#B4xk9
Alana Nogueira,alananogueira@gmail.com,15/10/1981,In6LXeQ8S*bM
Sr. Pedro Henrique Macedo,srpedrohenriquemacedo@uol.com.br,03/09/2000,8yy74fue4sC@
Pedro Miguel Campos,pedromiguelcampos@uol.com.br,10/12/1977,vKHNu&Db#81U
Milena Barros,milenabarros@bol.com.br,15/01/1962,_+XZnu16Pk0v
Benjamim Cardoso,benjamimcardoso@uol.com.br,29/08/1973,W%34DX3nWE1V
Dr. Kaique da Mata,drkaiquedamata@bol.com.br,14/05/1994,&UD_a3FhQamX
Luiz Fernando Novaes,luizfernandonovaes@yahoo.com.br,28/02/1975,^Ty^^zoHm1Qe
Dr. Isaque Pacheco,drisaquepacheco@hotmail.com,03/07/1994,@oI_csPk81+9
Heloísa Fonseca,heloísafonseca@ig.com.br,02/07/1972,D_#KW71zYYm7
Emanuel Cunha,emanuelcunha@yahoo.com.br,02/08/2002,w+E6H%t3+T96
Miguel Lima,miguellima@uol.com.br,05/05/1960,k^YwJW8fQU81
Olívia Leão,olívialeão@uol.com.br,27/11/1997,^8s2Aqgj$FSR
Emanuella Campos,emanuellacampos@ig.com.br,24/03/1975,18qx^b43*r7P
Srta. Isabelly Alves,srtaisabellyalves@bol.com.br,25/09/1981,9X5vSFa&IJJm
Léo Azevedo,léoazevedo@ig.com.br,10/07/1966,1_dOH8oF8Mi9
Caroline Mendonça,carolinemendonça@ig.com.br,16/04/1981,!cMXI5ex!4bD
Benicio Marques,beniciomarques@uol.com.br,08/07/1972,996P@*$xMBPp
Josué Montenegro,josuémontenegro@hotmail.com,30/07/1961,c9&n6WjeB87I
Heloísa Oliveira,heloísaoliveira@ig.com.br,20/03/2004,h98*_BNDl1lD
Nicole Borges,nicoleborges@uol.com.br,21/01/1978,$vQNzchr+o4l
Erick Casa Grande,erickcasagrande@uol.com.br,20/08/1988,#MEy24H9_1nf
Nicolas Almeida,nicolasalmeida@gmail.com,15/02/1977,#r8d8QKO@2UD
Davi Cunha,davicunha@ig.com.br,07/07/2003,_5Hz7I6W3yM&
Levi Vargas,levivargas@ig.com.br,27/02/1968,At0X9ZsmR^W+
Dra. Olívia Novaes,draolívianovaes@ig.com.br,06/03/1994,9v07OlKP5*mx
João Pedro da Rosa,joãopedrodarosa@yahoo.com.br,17/10/1959,&S8+T#iw76ZS
Maria Julia da Cunha,mariajuliadacunha@uol.com.br,04/06/1966,B!rIue*%5#4M
Sr. Pietro da Rosa,srpietrodarosa@uol.com.br,24/10/1978,%5sFspXx^J+F
Julia Aparecida,juliaaparecida@uol.com.br,22/08/1996,&7QAuXZ2f18f
Anthony Gabriel Almeida,anthonygabrielalmeida@gmail.com,14/02/1995,DHq$huKd@57+
Carolina da Rocha,carolinadarocha@yahoo.com.br,24/03/1991,D3dgKtWv+oHF
Emanuella Novaes,emanuellanovaes@ig.com.br,19/02/1995,*#u84xC93YA7
